{"0": [0.40750431947074894, 0.8987663824021499, 0.045625618004695], "1": [0.6100513106502491, 0.10776764236215985, 0.9547835800854786], "2": [0.45756086913880256, 0.9475653705607752, 0.830371531901297], "3": [0.564028965840356, 0.558032879947736, 0.32305931133360155], "4": [0.3744514560926523, 0.1012281953517552, 0.9483502049876888], "5": [0.023332434131416946, 0.6966673314221371, 0.7716911665161065], "6": [0.7586232477705215, 0.12918076351167584, 0.635118376954651], "7": [0.663695385854812, 0.8685757642678409, 0.3190510389212462], "8": [0.05265389653068553, 0.9003478164572838, 0.9863010383797042], "9": [0.5172467211892923, 0.43061076778407037, 0.7449222759496325], "10": [0.6590418257343678, 0.1937777226434677, 0.3567756530983748], "11": [0.14289654671169227, 0.8663984108524776, 0.5193627756522424], "12": [0.6797430151859093, 0.5691587988158014, 0.1915873840193033], "13": [0.954797990400297, 0.7450150794262533, 0.28804281225544026], "14": [0.899754068512283, 0.48055458286410546, 0.8722054874479771], "15": [0.4778259178809475, 0.04387895796605901, 0.4061184997057843], "16": [0.16415167135460473, 0.22298300985642028, 0.14066279330331022], "17": [0.9785111793241363, 0.6095276002725746, 0.6824735910466299], "18": [0.16978451163548425, 0.4040626666266177, 0.09220213490207096], "19": [0.08579840498541669, 0.5054479490257031, 0.9745639278429571], "20": [0.48059169644607147, 0.6649084757909407, 0.4479011829945778], "21": [0.8055616440587959, 0.014654999948309877, 0.3465283781081041], "22": [0.15461588010916472, 0.47965345075497356, 0.021719676089005602], "23": [0.8663109936654795, 0.4569697173051539, 0.3847600906773748], "24": [0.25321081539783186, 0.3756328467711526, 0.28958420717329414], "25": [0.3879608648057711, 0.8783023826482649, 0.9224039742555608], "26": [0.8798738295476989, 0.47484653206041894, 0.33666839005170135], "27": [0.863629616975392, 0.4769073613435115, 0.6365085023655651], "28": [0.04098579511929468, 0.007652366869834282, 0.21353861540938746], "29": [0.5090830036587887, 0.7467545001918615, 0.4582547204200419], "30": [0.9605669568703452, 0.28579940152475325, 0.7263806179975154], "31": [0.4941992923083538, 0.05834310963627731, 0.6710516399058895], "32": [0.5999229813368133, 0.14038419352769216, 0.1961632383244739], "33": [0.41102554443077866, 0.2687559781881381, 0.4427659899571158], "34": [0.6950014871118952, 0.4918711749671444, 0.8725355935704955], "35": [0.19021672443940962, 0.9842339660243428, 0.9376141348119362], "36": [0.16286767514185918, 0.3767007390138415, 0.9088666374945361], "37": [0.9086151655040376, 0.5544459101994034, 0.2874340137688455], "38": [0.8583133889049183, 0.6936676822370683, 0.32442420938537975], "39": [0.8447328282090601, 0.8420300768073546, 0.9571566057741043], "40": [0.7838708104944018, 0.7170661422775024, 0.23270248186496933], "41": [0.31984337784429306, 0.8041747197668614, 0.1469047283679622], "42": [0.6921220728050077, 0.2691783680039733, 0.8403217280217289], "43": [0.26156841766563277, 0.0833691547546267, 0.02168754161187636], "44": [0.22247836388623976, 0.8342176153438225, 0.7867646138202542], "45": [0.8523846438549557, 0.04841903490779931, 0.6788795640518682], "46": [0.6871590906352144, 0.5488451510883626, 0.07235855717477613], "47": [0.39548106470019795, 0.007340011151790948, 0.021458333808965446], "48": [0.7134815811469496, 0.489257696387698, 0.8118167488896564], "49": [0.3854171821494672, 0.48941345363667754, 0.7877367589391817], "50": [0.6758386068889752, 0.7653289906168188, 0.9246592232714832], "51": [0.21319628538136404, 0.1072438575964304, 0.6934732010785266], "52": [0.06651286659292832, 0.18323317724883714, 0.0038146436359496327], "53": [0.36997280704708546, 0.9432960429485308, 0.03432625360305519], "54": [0.24915975677176128, 0.9386229294676685, 0.10673158346845646], "55": [0.11541869793632487, 0.8658858969125877, 0.6778310978258362], "56": [0.05056615835472866, 0.17824357419948567, 0.5626314975974113], "57": [0.9100085978007526, 0.28210642048904233, 0.5145638751007198], "58": [0.034958999351108244, 0.9582198042714255, 0.34911686178377166], "59": [0.9020044459634968, 0.009333577467231624, 0.39173199018999116], "60": [0.8117711814609572, 0.8612002637049682, 0.927266075200756], "61": [0.002325372972668105, 0.9444656772292778, 0.7455759896136358], "62": [0.6872407646956532, 0.9060621548354879, 0.04663660263115044], "63": [0.006299935642766208, 0.9163893069344804, 0.42394989855482057], "64": [0.5279266966320123, 0.4457914434067628, 0.300904352202525], "65": [0.21795491475933904, 0.9199666182960211, 0.8457662202538941], "66": [0.4976921903410698, 0.9351828319659617, 0.9227789477890547], "67": [0.4860718060202286, 0.8223361424499757, 0.18846254989198663], "68": [0.722824999578309, 0.8454813222092247, 0.7034024690094571], "69": [0.3069680170187067, 0.18071809294744245, 0.37637725950449097], "70": [0.9407086806659349, 0.3648594225700752, 0.426900886700873], "71": [0.6862859480243789, 0.5068931218119255, 0.025541006531197397], "72": [0.2315966409927528, 0.1810025156563354, 0.8267215332547017], "73": [0.8028753635372364, 0.5789568508026892, 0.8397013478121289], "74": [0.6205237509526242, 0.17507745587194434, 0.3884921980447692], "75": [0.5366508138524425, 0.06143717006081573, 0.778583965441572], "76": [0.5351474326258382, 0.27377597942178966, 0.21264045127715803], "77": [0.824870131939536, 0.9847925870005455, 0.21334257998611394], "78": [0.39979790860979814, 0.9394048349780786, 0.9866027346196993], "79": [0.3023256796468632, 0.7736023834267949, 0.8176492972233009], "80": [0.13734981446286865, 0.9392306517543818, 0.6937140444086529], "81": [0.3087905552061744, 0.5658756684718073, 0.09026476069109124], "82": [0.19255434895633994, 0.9101982610244425, 0.18692411270477927], "83": [0.5269893484976009, 0.22052111151481568, 0.7950715291202938], "84": [0.016838587591263, 0.45015918285308243, 0.9834992759037708], "85": [0.7427613637320684, 0.6641472750255167, 0.5322501714016216], "86": [0.21445668004118656, 0.13868632772451828, 0.5466537507842003], "87": [0.24348078834757036, 0.44811528903990716, 0.2474672318375447], "88": [0.5638560954632338, 0.8154168113505038, 0.1358617865203685]}